,adapt,adp_v,avg_rate,cell_id,fast_trough_v,fi_fit_slope,first_isi,input_resistance,isi_cv,latency,mean_isi,median_isi,peak_v,rheobase_i,sag,stim_amp,tau,threshold_v,trough_v,upstroke_downstroke_ratio,v_baseline,vm_for_sag,width
0,0.12670152797346643,,10.001666944490747,13n05011.abf,-42.2119140625,0.09525396948051709,0.0499,89.72167835054269,0.3011221672822436,0.029700000000000004,0.09766,0.10269999999999996,61.663818359375,50.00000074505806,0.07426783442497253,100.00000149011612,0.01991139965017618,-36.02294921875,-45.86181640625,1.7741517055586784,-53.3282958984375,-94.4580078125,0.0012999999999999956
1,0.013466988755926532,-44.7998046875,26.671111851975326,13n21007.abf,-49.5758056640625,0.06382015955194642,0.028999999999999998,135.91221198144655,0.08582570110754136,0.006399999999999989,0.03875333333333333,0.03969999999999996,79.3914794921875,50.00000074505806,0.1339443475008011,100.00000149011612,0.010647530044007257,-43.212890625,-51.9561767578125,1.2929637015579742,-56.41577682495117,-102.8594970703125,0.0014000000000000123
2,,,3.3338889814969157,13d02022.abf,-56.439208984375,0.03000500038636291,0.1366,99.97558444774754,0.0,0.0024000000000000132,0.1366,0.1366,64.34326171875,150.00000223517418,0.0867726132273674,200.00000298023224,0.012943858575596712,-49.554443359375,-56.597900390625,1.3319567232997145,-61.34635772705078,-98.57177734375,0.0011000000000000176
3,0.022092171274209007,-53.253173828125,21.67027837972995,13d02049.abf,-54.67529296875,0.111447144292205,0.0335,104.56630006014423,0.12685281710972254,0.00520000000000001,0.04776666666666667,0.04899999999999999,76.2451171875,50.00000074505806,0.13548360764980316,100.00000149011612,0.018744677924852397,-52.264404296875,-56.396484375,1.4835172619662746,-59.40126063028971,-101.77001953125,0.0010000000000000009
4,0.04734508053374378,-46.844482421875,21.67027837972995,13d02004.abf,-50.140380859375,0.13335555727272394,0.020600000000000007,105.36411673352367,0.21930717342747627,0.006000000000000005,0.04854166666666668,0.05130000000000007,71.42333984375,50.00000074505806,0.1399856060743332,100.00000149011612,0.0187226406816547,-52.40478515625,-52.38037109375,1.528298429313947,-57.05902633666992,-101.141357421875,0.0012000000000000066
5,0.31262085695427627,,6.667777962993831,13d03005.abf,-44.27490234375,0.06667777863636196,0.04049999999999998,76.97405019228269,0.4685205867793641,0.07650000000000001,0.11826666666666669,0.14880000000000004,58.978271484375,100.00000149011612,0.09137967228889465,150.00000223517418,0.033115862098733975,-35.85205078125,-48.602294921875,2.2166698880591613,-61.76045354207357,-95.404052734375,0.0016999999999999793
6,0.06423108642309432,,10.001666944490747,13d03007.abf,-52.703857421875,0.06191508016233611,0.06790000000000002,74.29722266520632,0.16446385367063526,0.014399999999999996,0.09656,0.10359999999999997,60.16845703125,50.00000074505806,0.11776286363601685,100.00000149011612,0.027075779043082133,-45.49560546875,-55.9814453125,1.7928985393291346,-53.34894790649414,-86.773681640625,0.0012000000000000066
7,0.048921217155937835,,10.001666944490747,13d03008.abf,-46.76513671875,0.056676111840907664,0.0821,92.21104075764477,0.13581057683399905,0.030799999999999994,0.10448000000000002,0.11099999999999999,60.14404296875,100.00000149011612,0.22949974238872528,150.00000223517418,0.031760654366355306,-38.421630859375,-48.54736328125,2.2585807276462213,-57.709285227457684,-96.429443359375,0.001700000000000007
8,0.06423108642309432,,10.001666944490747,13d03029.abf,-52.703857421875,0.06191508016233611,0.06790000000000002,74.29722266520632,0.16446385367063526,0.014399999999999996,0.09656,0.10359999999999997,60.16845703125,50.00000074505806,0.11776286363601685,100.00000149011612,0.027075779043082133,-45.49560546875,-55.9814453125,1.7928985393291346,-53.34894790649414,-86.773681640625,0.0012000000000000066
9,0.016295199730295622,,11.668611435239205,13d03040.abf,-51.96533203125,0.0600100007727258,0.07950000000000002,73.77406419085911,0.06572690326239368,0.0358,0.08945000000000002,0.0915,64.6240234375,100.00000149011612,0.10604114085435867,150.00000223517418,0.021422668689617657,-46.209716796875,-55.670166015625,2.455837947119273,-60.57809829711914,-87.335205078125,0.0015999999999999903
10,0.04458471323990238,,15.00250041673612,20131211_600_1_0184.abf,-74.3408203125,0.07239301680519297,0.04299999999999998,143.17648538045472,0.1758717611320475,0.004400000000000015,0.06646250000000001,0.07160000000000002,71.57135009765625,50.00000074505806,0.023359082639217377,100.00000149011612,0.02374782801426007,-66.5283203125,-75.408935546875,1.917260958369057,-75.511669921875,-102.39410400390625,0.0015999999999999903
11,0.01828495837214276,,11.668611435239205,20131211_600_1_0160.abf,-55.780029296875,0.10763698551298434,0.0653,113.97007363653482,0.15460046284988174,0.023300000000000015,0.08458333333333333,0.08279999999999996,67.840576171875,50.00000074505806,0.03320925310254097,100.00000149011612,0.02346655634255353,-44.3603515625,-56.195068359375,1.881001660050403,-59.11239420572917,-102.142333984375,0.0014000000000000123
12,0.00566125495581303,,6.667777962993831,20131211_600_1_0108.abf,-53.62548828125,0.09239635039610158,0.12860000000000002,145.10236251414537,0.13263149038060723,0.04500000000000001,0.14353333333333337,0.13160000000000005,71.466064453125,50.00000074505806,0.0682561844587326,100.00000149011612,0.021655641675039,-41.89453125,-56.109619140625,1.5113449777290187,-67.05738372802735,-96.59423828125,0.0013999999999999568
13,0.0945930462982164,,11.668611435239205,20131211_600_1_0081.abf,-48.8037109375,0.09001500115908864,0.03820000000000001,73.31630052580553,0.2637367059104324,0.0232,0.09036666666666666,0.10165000000000002,72.479248046875,100.00000149011612,0.16304108500480652,150.00000223517418,0.020965791307619223,-47.760009765625,-49.96337890625,1.7687548653537344,-60.330814361572266,-89.58740234375,0.0012000000000000066
14,0.04204796317042867,,26.671111851975326,20131211_600_1_0067.abf,-47.479248046875,0.15669277979545063,0.011499999999999982,68.10215439814516,0.44070827093409753,0.008700000000000013,0.03777333333333333,0.0403,73.480224609375,100.00000149011612,0.13949282467365265,150.00000223517418,0.016948366720702195,-52.545166015625,-47.607421875,1.9087631314561608,-60.887020365397134,-90.936279296875,0.0011999999999999789
15,,,3.3338889814969157,20131211_600_1_0066.abf,-45.916748046875,0.053342222909089576,0.3052,106.7199691128734,0.0,0.0587,0.3052,0.3052,75.244140625,100.00000149011612,0.10203460603952408,150.00000223517418,0.019374517525768336,-39.61181640625,-52.923583984375,1.5746040617487012,-69.07091471354167,-100.5859375,0.0014000000000000123
16,0.13811203970560845,,11.668611435239205,20131211_600_1_0190.abf,-62.5244140625,0.09334889009090674,0.021900000000000003,106.39735472035932,0.33770460764828375,0.0383,0.08115000000000001,0.09395,67.694091796875,100.00000149011612,0.02112535387277603,150.00000223517418,0.022918728485563245,-44.366455078125,-62.554931640625,1.602548583066865,-69.25718180338542,-98.40087890625,0.0015000000000000013
17,0.6706639368236328,,5.000833472245374,20131211_600_1_0042.abf,-42.83447265625,0.060010000772725766,0.05629999999999999,80.84542290245203,0.6706639368236328,0.047500000000000014,0.17095,0.17095,71.490478515625,100.00000149011612,0.12527863681316376,150.00000223517418,0.02156787676871483,-36.63330078125,-46.05712890625,2.0511672125175804,-61.70096054077148,-97.8515625,0.0014000000000000123
18,0.03776873793039128,,11.668611435239205,20131211_600_1_0002.abf,-53.631591796875,0.10382682673376363,0.07030000000000003,110.50850839793756,0.19659985951480222,0.019600000000000006,0.09115000000000001,0.08729999999999996,72.13134765625,50.00000074505806,0.10629470646381378,100.00000149011612,0.02599636494216816,-50.03662109375,-55.181884765625,1.678465536828777,-60.06324208577474,-101.81884765625,0.0013000000000000234
19,0.17556686137805408,,6.667777962993831,20140127_600_1_0118.abf,-41.632080078125,0.0633438897045439,0.08630000000000004,47.38507881399633,0.2913906454843007,0.0711,0.14670000000000002,0.17469999999999997,74.676513671875,150.00000223517418,0.05531728267669678,200.00000298023224,0.01419394455117518,-39.959716796875,-49.969482421875,2.0583006185552963,-66.84935201009115,-87.7685546875,0.0012999999999999678
20,0.024934267649107326,-53.118896484375,10.001666944490747,20140127_600_1_0158.abf,-57.257080078125,0.08668111222727058,0.0963,72.65363312496552,0.07854365972870288,0.028700000000000003,0.11174000000000002,0.11170000000000002,72.607421875,150.00000223517418,0.046516433358192444,200.00000298023224,0.004780329881778932,-42.681884765625,-57.51953125,1.3056224597416453,-70.85526224772136,-101.177978515625,0.0010999999999999899
21,0.4287217254076804,,5.000333355557037,14304311.abf,-44.525146484375,0.08000533368891247,0.10859999999999999,69.18334960937528,0.4287217254076803,0.043800000000000006,0.19010000000000002,0.19010000000000002,43.853759765625,250.0,0.08034591376781464,300.0,0.008420207902697993,-41.32080078125,-52.06298828125,2.1715976653662925,-77.90509618123373,-100.28076171875,0.0014999999999999736
22,0.2315486993345433,,6.6671111407427155,14304300.abf,-42.694091796875,0.09758226305996158,0.0749,79.58984375000027,0.35281666136775586,0.0422,0.14096666666666668,0.15310000000000004,48.88916015625,75.0,0.10782693326473236,125.0,0.01544798795697489,-39.886474609375,-53.466796875,2.1631803794250284,-61.28551254272461,-95.123291015625,0.0015000000000000013
23,0.0684706793633054,-46.1883544921875,13.334222281485431,14317320.abf,-47.4853515625,0.11222970420250238,0.028999999999999998,79.14297921317,0.3694179764466417,0.034100000000000005,0.07184285714285714,0.06679999999999997,41.0919189453125,125.0,0.12080061435699463,175.0,0.00896204043381343,-41.8243408203125,-56.549072265625,1.4546170668094875,-72.79206822713216,-100.341796875,0.0012000000000000066
24,0.1241748664881428,,13.334222281485431,14317348.abf,-47.4090576171875,0.13334222281485414,0.015700000000000006,45.329502650669944,0.3318262759202949,0.038599999999999995,0.06770000000000001,0.0771,43.39599609375,250.0,0.02887589856982231,300.0,0.007934469685066337,-45.8526611328125,-47.576904296875,1.5055663070681622,-72.7048932393392,-91.400146484375,0.0011000000000000176
25,0.1272513664029768,,10.000666711114073,14317300.abf,-46.1578369140625,0.10715000047622221,0.044,51.27607073102705,0.2905309461855933,0.0479,0.09218000000000001,0.09620000000000004,43.1671142578125,175.0,0.06032668426632881,225.0,0.00698347361865506,-44.98291015625,-55.572509765625,1.3693895287137445,-73.7650245666504,-95.64208984375,0.0010000000000000009
26,,,3.3335555703713577,14318308.abf,-47.393798828125,0.03333555570371359,0.0126,39.313180106027026,0.0,0.05969999999999999,0.0126,0.0126,45.1812744140625,275.0,0.0859881341457367,325.0,0.011108131425366331,-47.0428466796875,-59.4940185546875,1.5807473228913058,-71.03529205322266,-87.2650146484375,0.0010999999999999899
27,0.07488650938178662,,11.667444496299753,14424000.abf,-53.9398193359375,0.15334355623708257,0.04728,108.0583844866075,0.21471865920135272,0.032560000000000006,0.08918666666666668,0.09637999999999998,15.380859375,100.0,0.10025471448898315,150.0,0.009852148352482198,-48.2025146484375,-59.7991943359375,1.580286919115828,-72.80182556152344,-100.52490234375,0.00136
28,0.02969430015912478,,40.00266684445629,14424329.abf,-52.8411865234375,0.17334488965931058,0.008959999999999996,115.76189313616104,0.30479023146509465,0.022760000000000002,0.023888695652173914,0.024560000000000026,35.369873046875,75.0,0.22411145269870758,125.0,0.01375096480934323,-52.459716796875,-52.9937744140625,1.4988581070960272,-71.56454340616862,-98.724365234375,0.0010000000000000009
29,0.03700748013883013,,23.334888992599506,14424335.abf,-57.342529296875,0.05604769255679319,0.0238,172.82104492187534,0.27513496829880163,0.021400000000000002,0.04321538461538462,0.04139999999999999,30.670166015625,25.0,0.10814235359430313,75.0,0.013546895071500756,-53.03955078125,-60.9130859375,2.2079375211167056,-69.9514902750651,-101.50146484375,0.001600000000000018
30,0.05588368480963038,,10.000666711114073,14515300.abf,-53.2073974609375,0.06713734295573082,0.06712000000000001,95.44154575892891,0.1743976642066847,0.04748000000000001,0.099032,0.10175999999999996,32.0587158203125,50.0,0.07785860449075699,100.0,0.026585953051954693,-48.126220703125,-59.8602294921875,3.0167877730160115,-67.88788324991862,-99.0753173828125,0.0019199999999999773
31,0.12289987353795873,,13.334222281485431,14515372.abf,-47.076416015625,0.20398185275843791,0.012800000000000006,108.22056361607171,0.33865766322356555,0.03609999999999999,0.0714,0.0802,9.1552734375,150.0,0.030996067449450493,200.0,0.008510861573590692,-44.989013671875,-54.0771484375,1.6403005788623617,-78.1715690612793,-99.18212890625,0.0012999999999999956
32,0.09903882093006278,,16.66777785185679,14515374.abf,-44.403076171875,0.10536832991663306,0.014800000000000008,125.19880022321456,0.3287594923790767,0.033699999999999994,0.05985555555555555,0.0695,16.66259765625,50.0,0.016759730875492096,100.0,0.015884615823161537,-46.54541015625,-47.74169921875,1.9661019791362038,-65.88968251546224,-99.49951171875,0.0015000000000000013
33,0.0662387494489828,,21.668111207413826,14515349.abf,-43.804931640625,0.21698416258053568,0.010899999999999993,125.32697405133952,0.24823993892030358,0.027700000000000002,0.04702500000000001,0.050549999999999984,13.677978515625,75.0,0.06026361882686615,125.0,0.010914184231188359,-44.68994140625,-48.101806640625,1.633541040535873,-65.94568990071615,-100.335693359375,0.0012000000000000066
34,0.2661523354813025,,8.333888925928395,14520300.abf,-47.7447509765625,0.09000600040002665,0.008999999999999994,73.28578404017894,0.550394393135237,0.04000000000000001,0.12905,0.15642,42.449951171875,125.0,0.08097291737794876,175.0,0.01013739857995433,-45.8221435546875,-61.309814453125,1.405712413857912,-73.09532623291015,-99.67041015625,0.0009199999999999764
35,0.08998853617560479,,11.667444496299753,14520332.abf,-48.2177734375,0.09738022938902999,0.04103999999999999,95.88623046875024,0.24169892999000506,0.05664000000000001,0.08641333333333334,0.09228,40.6951904296875,100.0,0.0908934473991394,150.0,0.012871676496226472,-39.55078125,-54.38232421875,1.4251973061387886,-76.58512598673502,-100.3265380859375,0.0011199999999999544
36,0.020501889356149147,,48.33655577038469,14605374.abf,-60.882568359375,0.01841614615799542,0.008360000000000006,194.22694614955378,0.1976578614448006,0.03884,0.019187142857142857,0.019600000000000034,1.46484375,50.0,0.004412658978253603,100.0,0.014977742523779262,-50.140380859375,-60.9588623046875,1.1005134173339715,-76.56151428222657,-98.4954833984375,0.0007600000000000384
37,0.011304145143981065,,75.00500033335555,14605349.abf,-56.854248046875,0.7600506700446695,0.0055599999999999955,104.61425781250033,0.19011358784120924,0.01636,0.013185454545454549,0.013700000000000018,8.48388671875,125.0,0.02903907559812069,175.0,0.004484733948614424,-46.9970703125,-56.854248046875,0.9859041735814357,-79.0096534729004,-100.860595703125,0.0006400000000000017
38,0.013451598305220068,,50.003333555570364,14605300.abf,-59.539794921875,0.6721388843381059,0.011679999999999996,87.31649210164825,0.1655775753084924,0.01296,0.019903448275862066,0.020479999999999998,13.336181640625,75.0,0.19914351403713226,125.0,0.005871820018104148,-48.9044189453125,-59.8907470703125,0.9412873729916376,-68.1748654683431,-100.28076171875,0.0005600000000000049
39,0.030734656008191665,,40.00266684445629,14605321.abf,-62.3931884765625,0.6244860768495676,0.007960000000000009,87.0710100446431,0.2734056068491751,0.015799999999999995,0.02467130434782609,0.027559999999999973,17.852783203125,125.0,0.1870301067829132,175.0,0.005349886302507301,-52.886962890625,-64.5599365234375,0.9846135378602219,-76.24025141398111,-100.40283203125,0.0006000000000000033
40,0.030093214023766534,,38.33588905927061,14605338.abf,-57.6629638671875,0.7770214984029239,0.008920000000000011,113.62130301339307,0.2377006166580566,0.023559999999999998,0.024930909090909094,0.025900000000000034,5.9356689453125,75.0,0.031069139018654823,125.0,0.004918764141804413,-60.455322265625,-60.5621337890625,1.32838774159607,-75.9986801147461,-100.9979248046875,0.0006800000000000139
41,0.0033165478530786845,,63.337555837055795,14605325.abf,-65.5670166015625,0.3735047537967732,0.011840000000000003,111.61804199218774,0.07431429242542342,0.01228,0.015512432432432433,0.015679999999999972,11.199951171875,25.0,0.016674214974045753,75.0,0.009299207782975156,-57.586669921875,-65.826416015625,1.037313354431291,-68.72781842549642,-101.043701171875,0.0006400000000000017
42,0.0009480184972784267,,106.67377825188345,14617300.abf,-62.0269775390625,0.3909351532526408,0.007999999999999993,128.23922293526817,0.06633472756979658,0.005040000000000003,0.009386666666666668,0.00935999999999998,14.6942138671875,50.0,0.4094070792198181,100.0,0.006710772867607069,-47.882080078125,-62.07275390625,0.8022615593145737,-62.551844660441084,-98.8922119140625,0.0004799999999999943
43,0.0009616095603564326,,55.003666911127404,14617312.abf,-57.1441650390625,0.6228986694351049,0.0174,61.27493722098234,0.06816909043701382,0.02012,0.01782875,0.01781999999999996,11.322021484375,200.0,0.2825075685977936,250.0,0.005180120638436367,-47.1343994140625,-57.4493408203125,0.7560482039322154,-69.50481821695963,-94.7418212890625,0.0003599999999999992
44,0.04384771506019917,,13.334222281485431,14624300.abf,-53.52783203125,0.13213002078926475,0.043200000000000016,85.03941127232162,0.1627631348463142,0.043,0.07045714285714286,0.0748,26.7791748046875,100.0,0.0740852802991867,150.0,0.01582512474288515,-50.0030517578125,-57.8460693359375,1.4943181324437549,-70.24056447347006,-101.1962890625,0.0012000000000000066
45,0.07444339930617183,,10.000666711114073,14624359.abf,-53.131103515625,0.10000666711114073,0.06659999999999999,51.51803152901829,0.18980227892941717,0.054000000000000006,0.10595999999999998,0.11539999999999995,44.5709228515625,175.0,0.05912436172366142,225.0,0.014116237753898054,-49.530029296875,-59.2193603515625,1.7880950230524388,-72.14265797932943,-93.26171875,0.0012999999999999956
46,0.11112543129301977,,10.000666711114073,14624371.abf,-51.3763427734375,0.10000666711114077,0.04709999999999999,52.788870675223556,0.2668460665762272,0.049600000000000005,0.09966,0.11080000000000001,39.6575927734375,275.0,0.07184842228889465,325.0,0.013911225383207248,-49.0570068359375,-56.70166015625,1.700821008978176,-76.75061060587565,-98.4954833984375,0.0012000000000000066
47,0.04877012718449622,,11.667444496299753,14624311.abf,-52.55126953125,0.07063962994358354,0.052400000000000016,74.82692173549134,0.15681235153226186,0.0464,0.07871666666666667,0.0826,27.6336669921875,150.0,0.05777173116803169,200.0,0.012675921297190402,-49.74365234375,-58.4716796875,1.6991900298447649,-76.6494140625,-100.1434326171875,0.0012999999999999956
48,0.012140587868973858,,38.33588905927061,14624325.abf,-57.92236328125,0.09674304627301475,0.01680000000000001,125.20708356584845,0.11064307294259343,0.024959999999999996,0.025756363636363636,0.02642,23.773193359375,50.0,0.11782080680131912,100.0,0.008434611098976245,-52.91748046875,-59.8602294921875,1.547337029480039,-76.3850715637207,-100.128173828125,0.0011599999999999944
49,0.05636090101706323,,28.33522234815654,14626300.abf,-45.379638671875,0.08132410292554307,0.007199999999999998,143.2516915457592,0.28079943162885923,0.013899999999999996,0.0356375,0.039800000000000016,31.5704345703125,25.0,0.03569035977125168,75.0,0.013236057237154283,-46.661376953125,-46.3104248046875,1.7752713740119326,-61.78049341837565,-98.2666015625,0.0012999999999999956
50,0.06647398792796802,,26.668444562970862,14626311.abf,-44.8760986328125,0.08485414179127088,0.006199999999999997,124.96294294084841,0.3098360477107736,0.0238,0.03732666666666666,0.04119999999999999,31.6009521484375,50.0,0.07900943607091904,100.0,0.013638209406666857,-47.8363037109375,-45.41015625,1.8738237041908825,-73.71007715861002,-99.090576171875,0.0013000000000000234
51,0.30374405132780774,,8.333888925928395,14715334.abf,-50.384521484375,0.07697482862493864,0.011999999999999997,91.44592285156283,0.5176560984995152,0.0464,0.10179999999999999,0.12405000000000002,42.66357421875,75.0,0.06698325276374817,125.0,0.010910210282511934,-50.0335693359375,-50.47607421875,1.9508473139316316,-73.87431767781575,-100.3875732421875,0.0013999999999999846
52,0.1418935017763013,,8.333888925928395,14715312.abf,-57.2967529296875,0.07857666701589633,0.06449999999999999,90.51949637276807,0.3046836950242646,0.037000000000000005,0.1227,0.13465000000000005,37.3077392578125,150.0,0.12012238800525665,200.0,0.011435094148571774,-50.506591796875,-60.1806640625,2.112971158743073,-78.3004030863444,-99.212646484375,0.001600000000000018
53,0.03564412068380399,,16.66777785185679,14715300.abf,-54.443359375,0.08970294989362923,0.039699999999999985,101.20718819754481,0.14215279624700997,0.026300000000000004,0.06351111111111112,0.0676,37.8265380859375,75.0,0.16051115095615387,125.0,0.012200017095805012,-50.750732421875,-57.7850341796875,1.789485077470311,-71.66338907877604,-99.54833984375,0.0013999999999999846
54,0.2599237458238106,,8.333888925928395,14911315.abf,-45.7611083984375,0.09143466707304292,0.0295,85.02633231026819,0.4566180744188418,0.058800000000000005,0.11942500000000002,0.13615,42.0379638671875,200.0,0.06546306610107422,250.0,0.01200998717733609,-42.54150390625,-53.253173828125,2.4996317671859165,-80.53438339233398,-99.8382568359375,0.0018999999999999573
55,0.25758272539521787,,8.333888925928395,14911303.abf,-42.9534912109375,0.08111651887903636,0.031500000000000014,98.97722516741109,0.45626814157722273,0.0474,0.137225,0.1613,39.642333984375,125.0,0.06001809984445572,175.0,0.0180670794095842,-40.5731201171875,-45.5474853515625,2.3737771503799405,-66.48818181355794,-99.151611328125,0.001799999999999996
56,0.22849532774038595,,10.000666711114073,14918300.abf,-36.468505859375,0.1111185190123786,0.016,83.88846261160741,0.4509640207503182,0.0398,0.0955,0.1053,50.7354736328125,125.0,0.12109856307506561,175.0,0.013142041800358334,-34.8358154296875,-45.989990234375,2.552447059575966,-61.091400146484375,-99.029541015625,0.001700000000000007
57,0.1105362840619553,,11.667444496299753,14918302.abf,-54.4586181640625,0.0897495730484596,0.0338,97.55379813058069,0.2937726722310931,0.030600000000000002,0.09348333333333332,0.10160000000000005,31.73828125,50.0,0.0526127852499485,100.0,0.013695451088511498,-50.35400390625,-56.57958984375,1.8355744226061814,-65.30686569213867,-99.9908447265625,0.0013999999999999846
58,0.27333180184726147,,10.000666711114073,14918344.abf,-49.1790771484375,0.10873740789068483,0.009299999999999989,74.04872349330385,0.5348625281900421,0.05740000000000001,0.08136000000000002,0.1084,43.8995361328125,150.0,0.10837849974632263,200.0,0.017324960134986862,-44.219970703125,-49.1790771484375,1.583809252032778,-71.44466552734374,-100.738525390625,0.0011999999999999789
59,-0.014940619439193703,,55.003666911127404,14918372.abf,-56.45751953125,0.32325387349055595,0.05149999999999999,86.13804408482166,0.33926642424567693,0.011999999999999997,0.018075,0.016950000000000007,14.4500732421875,100.0,0.14039194583892822,150.0,0.00583570803923427,-43.1671142578125,-56.4727783203125,0.9203995262850299,-74.22535730997721,-100.9368896484375,0.0006999999999999784
60,-0.00026200368265329204,,18.334555637042467,14n03328.abf,-66.1468505859375,0.25698682942499207,0.0746,67.00788225446458,0.3063678977229048,0.014299999999999993,0.05577000000000001,0.06134999999999999,2.6092529296875,100.0,0.03641229495406151,150.0,0.010806843418246347,-56.2286376953125,-67.8558349609375,0.9644268599920177,-72.8958340962728,-99.79248046875,0.0006000000000000449
61,0.008589778571308947,,16.66777785185679,14n03302.abf,-64.5294189453125,0.11492607665685864,0.0538,162.91809082031273,0.09067792794521008,0.010599999999999998,0.06313333333333333,0.06330000000000002,26.7181396484375,50.0,0.10594502091407776,100.0,0.010962622720963067,-52.06298828125,-66.131591796875,1.5956122181755605,-71.78301086425782,-99.8077392578125,0.0014000000000000123
62,0.11036181592727957,,15.00100006667111,14n04362.abf,-45.5169677734375,0.14778763028646352,0.006699999999999998,88.53149414062524,0.3528859887545371,0.0392,0.0652375,0.07030000000000002,16.845703125,125.0,0.008585039526224136,175.0,0.00813873584422476,-46.0968017578125,-45.59326171875,1.606421583704316,-75.61676762898763,-100.2197265625,0.0012999999999999956
63,0.005508257156290955,,71.6714447629842,14n04346.abf,-59.7076416015625,-0.07786066856671592,0.010899999999999993,156.18678501674134,0.19116955595041613,-0.0003999999999999976,0.013797674418604656,0.013999999999999957,-27.0538330078125,50.0,0.00530719431117177,100.0,0.007943952316297433,-61.9964599609375,-59.7991943359375,1.79081959226505,-67.02164459228516,-98.44970703125,0.000899999999999998
64,0.006361725651425179,,98.33988932595506,14n04322.abf,-51.8035888671875,0.7952045287867675,0.0059000000000000025,99.91237095424144,0.16726458299835062,0.013899999999999996,0.0099,0.00990000000000002,-5.55419921875,75.0,0.06885461509227753,125.0,0.005816884274290892,-43.5333251953125,-51.8035888671875,0.9623560061244003,-68.62081400553386,-99.6551513671875,0.0006999999999999784
65,0.009876273341938125,,36.66911127408493,14n10459.abf,-55.23681640625,-0.07985880377373145,0.0208,152.2543770926342,0.10917977754461815,0.0339,0.025623809523809524,0.0252,8.5296630859375,25.0,0.03844542056322098,75.0,0.013462771907224192,-50.96435546875,-56.45751953125,1.6546309677176034,-71.05174662272135,-99.2431640625,0.0013999999999999846
66,0.031342238400465544,,45.00300020001333,14n10302.abf,-49.041748046875,0.6722670400248908,0.0049999999999999906,97.63445172991095,0.2015255342832169,0.011200000000000002,0.022515384615384618,0.02345,-3.6468505859375,150.0,0.053628288209438324,200.0,0.0033788659948566445,-41.9464111328125,-51.4373779296875,0.9862670514710212,-76.74811274210612,-99.4415283203125,0.0007000000000000062
67,0.021573530468517513,,45.00300020001333,14d02065.abf,-55.5572509765625,0.470334385928759,0.008500000000000008,88.57945033482176,0.2292341563178076,0.016399999999999998,0.021565384615384618,0.02385000000000001,-3.3111572265625,100.0,0.02293110266327858,150.0,0.004921990992878765,-46.295166015625,-56.2591552734375,0.9912243733999193,-72.3656982421875,-100.9063720703125,0.0007000000000000062
68,0.09991723522887921,,20.001333422228146,14d02000.abf,-43.548583984375,0.18425470788961687,0.0068000000000000005,109.59734235491106,0.39240376023156676,0.027899999999999994,0.048072727272727274,0.05230000000000001,2.593994140625,75.0,0.0631636381149292,125.0,0.011344794873464781,-46.9970703125,-43.670654296875,1.7926377582925745,-64.75560061136882,-99.18212890625,0.0012999999999999956
69,0.06895190962345188,,13.334222281485431,14d02055.abf,-49.5452880859375,0.15001000066671105,0.0358,87.43286132812521,0.2108411177190095,0.035199999999999995,0.07171428571428572,0.0766,6.3018798828125,175.0,0.03334270790219307,225.0,0.006801491986740669,-46.2188720703125,-52.55126953125,1.5620445560353666,-72.96350860595703,-100.8148193359375,0.0012999999999999956
70,0.04426377834603084,,16.66777785185679,14d02124.abf,-51.788330078125,0.17556726003955814,0.032200000000000006,72.13265555245579,0.18833586820465015,0.021099999999999994,0.0587,0.0635,31.494140625,125.0,0.08400540053844452,175.0,0.0064451925039475015,-49.713134765625,-58.074951171875,1.2329066552412147,-73.9027198791504,-99.6551513671875,0.000899999999999998
71,0.04511979272770043,,25.001666777785182,14d16000.abf,-55.3131103515625,-0.03846410273505423,0.0204,92.23937988281266,0.465278316331517,0.013700000000000004,0.04042857142857143,0.03539999999999999,20.233154296875,50.0,0.05381471663713455,100.0,0.004122898362101809,-54.931640625,-57.5103759765625,1.5769830592736334,-72.04218266805013,-100.0823974609375,0.0011000000000000176
72,0.18116774264893476,,10.000666711114073,14d16016.abf,-61.8896484375,0.4544747427606282,0.01490000000000001,80.93261718750027,1.0205580345892218,0.011399999999999993,0.11046,0.045499999999999985,15.411376953125,125.0,0.127654567360878,175.0,0.00551557652311754,-44.769287109375,-61.8896484375,0.707724993075407,-69.28175811767578,-99.8992919921875,0.0005000000000000004
73,0.2657609791201859,,6.6671111407427155,14d16022.abf,-45.0897216796875,0.0933395559703979,0.0553,45.000348772321615,0.45347324591925253,0.057499999999999996,0.15200000000000002,0.18970000000000004,44.6319580078125,250.0,0.10134446620941162,300.0,0.011569251783664865,-43.15185546875,-52.3223876953125,1.3996466651587,-65.98420232137045,-84.930419921875,0.0010000000000000009
74,0.166510055804588,,11.667444496299753,14d16134.abf,-42.3126220703125,0.11349963013407244,0.009800000000000003,93.16362653459846,0.3958283356472484,0.0436,0.08296666666666666,0.09795000000000001,16.6473388671875,150.0,0.031146781519055367,200.0,0.00891573208005659,-41.5191650390625,-45.318603515625,1.8369945689778586,-67.1670166015625,-100.9979248046875,0.001700000000000007
75,0.025999234436815417,,48.33655577038469,14d16056.abf,-56.9915771484375,0.5952777804234568,0.0058,62.061854771205574,0.20318831519142527,0.012899999999999995,0.020435714285714286,0.02165000000000003,17.5628662109375,175.0,0.029180340468883514,225.0,0.0036925527665663607,-47.8515625,-57.037353515625,0.8829769260278818,-74.11154022216797,-99.7772216796875,0.0005000000000000004
76,0.23608142973792834,,8.333888925928395,14d18033.abf,-48.4466552734375,0.13334222281485422,0.022799999999999987,42.5763811383932,0.452747966084445,0.0543,0.104275,0.12960000000000002,50.3082275390625,300.0,0.04957122355699539,325.0,0.00661623403798009,-45.4559326171875,-48.4619140625,1.7192484147247875,-74.44772109985351,-92.1630859375,0.0012999999999999956
77,0.04466919511167298,,5.000333355557037,14d18005.abf,-44.769287109375,0.1333422228148542,0.2267,41.73714773995569,0.04466919511167298,0.10460000000000001,0.2373,0.2373,45.4864501953125,300.0,0.02729898691177368,325.0,0.006283933835570513,-41.0308837890625,-52.0477294921875,1.527657151928405,-75.8895367940267,-93.170166015625,0.001100000000000101
78,0.06087750605859493,,23.334888992599506,14d18087.abf,-41.8701171875,0.1642966673968741,0.011300000000000004,124.41144670758952,0.2750559050850386,0.037099999999999994,0.0428,0.04730000000000001,13.0615234375,150.0,0.01032292004674673,200.0,0.0059100814059606065,-38.6810302734375,-41.93115234375,1.6255618514594732,-75.74957860310873,-99.822998046875,0.001600000000000018
79,0.05955050417782013,,11.667444496299753,14d18113.abf,-55.2520751953125,0.17334488965931044,0.052799999999999986,55.94744001116099,0.171554365733712,0.033100000000000004,0.08298333333333334,0.08864999999999999,46.56982421875,250.0,0.0323212705552578,300.0,0.0068940709692995586,-48.3856201171875,-55.3131103515625,1.513400799464273,-75.0624600728353,-97.7325439453125,0.0011999999999999789
80,0.17741623850193267,,10.000666711114073,15105000.abf,-45.2880859375,0.12381777832807893,0.017799999999999996,52.730015345982395,0.4079431004696712,0.0446,0.08606,0.0975,45.013427734375,200.0,0.07169594615697861,250.0,0.011429176751480615,-43.5333251953125,-50.0640869140625,1.6486470875989947,-66.349951171875,-88.5772705078125,0.0010999999999999899
81,0.17005655104024703,,10.000666711114073,15105107.abf,-43.914794921875,0.13334222281485408,0.016199999999999992,53.57360839843787,0.43999457968477995,0.0432,0.09784,0.11260000000000003,35.15625,250.0,0.01407639030367136,300.0,0.009715909190409168,-45.22705078125,-52.0172119140625,1.7694733868815649,-73.56253458658854,-95.76416015625,0.0013000000000000234
82,0.08706385587190801,,6.6671111407427155,15105065.abf,-54.4891357421875,0.07429066699684739,0.1455,54.37578473772345,0.3573667036762316,0.038900000000000004,0.14926666666666666,0.1455,50.0946044921875,200.0,0.10935629159212112,250.0,0.010819510721266051,-45.806884765625,-55.35888671875,1.6245121523690682,-64.8307492574056,-88.6077880859375,0.0012999999999999956
83,0.2007148598307608,,10.000666711114073,15105080.abf,-47.9736328125,0.16667777851856797,0.011800000000000005,48.64937918526826,0.4497485120331083,0.027499999999999997,0.11370000000000002,0.13959999999999995,43.2586669921875,275.0,0.05341727286577225,325.0,0.007865716670952113,-45.7611083984375,-53.9398193359375,1.5793086865803394,-71.13486175537109,-91.094970703125,0.0012000000000000066
84,0.10557498990883336,,20.001333422228146,15127028.abf,-36.12060546875,0.1771546674540207,0.004299999999999998,78.16510881696452,0.5550552873237409,0.0345,0.047218181818181826,0.057499999999999996,20.52001953125,200.0,0.012649836018681526,250.0,0.005431504184501276,-43.8720703125,-36.12060546875,1.787745339341471,-72.57649332682291,-99.31640625,0.0012999999999999956
85,0.018810071435554257,,66.67111140742716,15127041.abf,-54.327392578125,0.8044980776496209,0.0049999999999999906,91.08363560267888,0.2404076993891606,0.016100000000000003,0.014733333333333333,0.014899999999999997,0.079345703125,125.0,0.01531284675002098,175.0,0.004735772844013706,-48.175048828125,-54.351806640625,0.96236012439215,-74.5700927734375,-98.88916015625,0.0005000000000000004
86,0.02307073276620249,,23.334888992599506,15127061.abf,-56.494140625,0.1468962399691115,0.026300000000000004,97.78529575892877,0.12881038145034904,0.013499999999999998,0.043492307692307705,0.04580000000000001,20.916748046875,25.0,0.04335954785346985,75.0,0.01118887933460766,-57.4462890625,-62.091064453125,1.2944712428296152,-66.08002141316732,-99.9755859375,0.0010000000000000009
87,0.03428534128977844,,50.003333555570364,15127092.abf,-49.139404296875,-0.03659917654183969,0.003799999999999998,136.88790457589315,0.3232147528922038,0.021400000000000002,0.019158620689655174,0.020399999999999974,10.595703125,50.0,0.02449938841164112,100.0,0.0070122115731774525,-49.322509765625,-49.139404296875,1.3125096615260423,-76.53685684204102,-99.554443359375,0.0009000000000000119
88,0.05927598245748944,,28.33522234815654,15127106.abf,-43.68896484375,0.09371254120904082,0.006699999999999998,123.8342285156253,0.33029539433056215,0.034,0.03358125,0.0374,6.53076171875,50.0,0.04632102698087692,100.0,0.012384150639897323,-46.759033203125,-43.798828125,1.8568906367133249,-67.49002075195312,-98.7548828125,0.0015000000000000013
89,0.06840627392691015,,26.668444562970862,15127132.abf,-38.726806640625,-0.10700014033569617,0.006199999999999997,129.62820870535725,0.358328562920493,0.0393,0.03430666666666667,0.0383,15.313720703125,50.0,0.003687947988510132,100.0,0.011213289523346014,-46.5087890625,-38.8427734375,2.2459169186803773,-69.53075103759765,-98.828125,0.0015999999999999903
90,0.07567699400074598,,20.001333422228146,15224059.abf,-46.038818359375,0.16788998054415746,0.011999999999999997,141.68439592633962,0.27746695170916824,0.0316,0.050672727272727286,0.055900000000000005,0.29296875,75.0,0.04957158863544464,125.0,0.014037348479266031,-45.47119140625,-49.481201171875,1.9005685488400363,-71.566468556722,-99.188232421875,0.0015999999999999903
91,0.0030781008433385525,,51.670111340756044,15224000.abf,-65.325927734375,0.44571736017832414,0.017400000000000013,86.94981166294667,0.050438724506714785,0.010899999999999993,0.019423333333333334,0.01944999999999998,13.56201171875,50.0,0.09980055689811707,100.0,0.005138540851892176,-51.01318359375,-65.36865234375,0.904794359690538,-72.74465611775716,-99.676513671875,0.0005999999999999894
92,0.010612889670156202,,21.668111207413826,15302001.abf,-64.544677734375,0.1885906612888411,0.04490000000000001,125.68272181919666,0.1393239153549512,0.037599999999999995,0.045891666666666664,0.04645,8.53271484375,50.0,0.13417162001132965,100.0,0.017992834236669475,-49.420166015625,-64.813232421875,1.2911466868302575,-67.6212381998698,-101.611328125,0.0011000000000000176
93,0.12317888426705585,-47.259521484375,13.334222281485431,15312105.abf,-48.1201171875,0.16001066737782496,0.010300000000000004,48.25003487723244,0.36568672300248795,0.0619,0.0764142857142857,0.08539999999999998,43.42041015625,250.0,0.01843748614192009,300.0,0.007996084604060592,-46.96044921875,-54.144287109375,1.5117753433955656,-79.10468266805013,-98.919677734375,0.0010999999999999899
94,-0.0014341945659800339,,38.33588905927061,15312000.abf,-63.629150390625,0.41113852034580084,0.027800000000000005,83.13424246651806,0.06800588392616899,0.021099999999999994,0.0256,0.02580000000000003,1.141357421875,125.0,0.06708197295665741,175.0,0.004279091512866759,-43.206787109375,-63.8427734375,0.795522119405219,-73.19272410074869,-99.4140625,0.0006999999999999784
95,0.010653209345169772,,28.33522234815654,15312031.abf,-63.641357421875,0.18334555637042466,0.012999999999999998,89.40168108258955,0.12032097153135361,0.010499999999999995,0.01674375,0.01650000000000003,2.142333984375,175.0,0.013316058553755283,225.0,0.013259046580144377,-46.575927734375,-63.68408203125,0.7394911526515588,-75.1017463684082,-100.897216796875,0.0005999999999999894
96,-0.007201316263727428,,21.668111207413826,15312053.abf,-59.65576171875,0.23940990005394294,0.05740000000000002,87.93247767857167,0.19201409992561086,0.049199999999999994,0.042633333333333336,0.0436,5.0048828125,75.0,0.01836285926401615,125.0,0.011579814651843398,-50.030517578125,-59.954833984375,1.077891037324848,-69.10254389444987,-99.52392578125,0.0007999999999999952
97,0.07909026333493199,,10.000666711114073,15312132.abf,-53.717041015625,0.037510600308649666,0.07540000000000002,96.33485692492602,0.21831959857276056,0.03899999999999999,0.11058000000000004,0.10319999999999999,15.667724609375,25.0,0.019169000908732414,75.0,0.02922497914702014,-48.5595703125,-56.182861328125,2.384367328971512,-60.410035069783525,-99.32861328125,0.001899999999999985
98,0.06554137160133926,,28.33522234815654,15330053.abf,-50.201416015625,0.20117891309304062,0.005400000000000002,133.6861746651788,0.31382166587362803,0.0121,0.0352125,0.038199999999999984,30.010986328125,50.0,0.14765526354312897,100.0,0.007973614320413554,-47.650146484375,-50.213623046875,1.1954699009138483,-65.21739451090495,-99.45068359375,0.000800000000000009
99,0.0451638875153596,,20.001333422228146,15330000.abf,-57.6171875,0.16728387953136267,0.021400000000000002,116.12025669642891,0.20179737025169447,0.027899999999999994,0.050572727272727276,0.054700000000000026,11.968994140625,75.0,0.0924890860915184,125.0,0.008838943496174026,-51.91650390625,-60.2783203125,1.497552358594409,-76.41015218098958,-101.300048828125,0.0012000000000000066
100,0.021889706484784072,,46.66977798519901,15407000.abf,-55.4443359375,0.8127525962048264,0.0092,69.94977678571446,0.23861035223845176,0.015299999999999994,0.020988888888888894,0.020999999999999963,7.84912109375,150.0,0.05407412350177765,200.0,0.0037863052740458704,-43.402099609375,-55.462646484375,0.7887307844815792,-72.70586725870768,-99.432373046875,0.0005000000000000004
101,0.17136493323249372,,10.000666711114073,15420000.abf,-48.687744140625,0.13334222281485428,0.02220000000000001,59.66971261160735,0.3835211635938767,0.03319999999999999,0.09184,0.11,43.841552734375,225.0,0.0897803008556366,275.0,0.010169203370399909,-46.453857421875,-50.933837890625,1.490302123301562,-70.93833414713542,-94.805908203125,0.0011000000000000176
102,0.04957492738905348,,23.334888992599506,15420026.abf,-54.638671875,0.1553217100920281,0.015700000000000006,188.76081194196453,0.21628816436921247,0.026099999999999998,0.04273076923076923,0.04349999999999998,5.108642578125,25.0,0.02674722671508789,75.0,0.010393294795478712,-49.188232421875,-61.712646484375,1.4738449320195484,-75.10674209594727,-100.836181640625,0.0011999999999999789
103,,,3.3336111342611887,15616035.abf,-37.46772384643555,0.0075652470803283505,0.39625,32.120477106933116,0.0,0.1767,0.39625,0.39625,53.16947555541992,350.000012665987,0.1555359661579132,400.0000134110451,0.06404813008606774,-34.17792892456055,-42.65265655517578,3.4129189745813266,-56.33645378112793,-72.27606964111328,0.003100000000000047
104,,,3.3336111342611887,15616022.abf,-42.13595962524414,0.003855681575297154,0.17504999999999998,47.674995801864114,0.0,0.11095000000000002,0.17504999999999998,0.17504999999999998,38.34803771972656,300.00001192092896,0.16348573565483093,350.000012665987,0.04657056359679644,-36.74655532836914,-44.66281509399414,2.8907596913830105,-59.48802604675293,-81.72335815429688,0.0030000000000000027
105,0.010576644593785203,,15.001250104175348,15616008.abf,-43.725852966308594,0.024325089286688695,0.05754999999999999,41.230700650495756,0.05267904091303327,0.027499999999999997,0.06389375,0.06467499999999998,29.363740921020508,250.0000111758709,0.07887691259384155,300.00001192092896,0.01298902458768229,-30.975610733032227,-44.150047302246094,1.5413881539212058,-51.09973114013672,-70.3707504272461,0.0014500000000000068
106,0.08670392027422506,,6.667222268522377,15618005.abf,-42.918701171875,0.0066672221691730284,0.12070000000000003,83.93494889662826,0.1671959765117988,0.06234999999999999,0.15761666666666668,0.17164999999999997,24.128414154052734,50.00000819563866,0.16173109412193298,100.00000894069672,0.07461843523347073,-41.136474609375,-47.4169921875,2.537859936122427,-52.8305243174235,-95.06713104248047,0.0030999999999999917
107,,,3.3336111342611887,15622000.abf,-46.848045349121094,0.012344632643762945,0.11180000000000001,30.96662202740077,0.0,0.09104999999999999,0.11180000000000001,0.11180000000000001,35.866790771484375,100.00000894069672,0.12290331721305847,150.00000968575478,0.05946774388344353,-45.963035583496094,-51.443992614746094,2.6816302219268384,-57.63195281333112,-72.2874984741211,0.00269999999999998
108,,,3.3336111342611887,15622005.abf,-47.539695739746094,0.007885684907940808,0.0796,38.57421817519941,0.0,0.11229999999999998,0.0796,0.0796,36.963470458984375,200.00001043081284,0.18189066648483276,250.0000111758709,0.04116195731938642,-46.160301208496094,-47.704490661621094,3.0526358473068194,-61.07870506286621,-78.7591781616211,0.003149999999999986
109,0.004845699580381034,,11.66763896991416,15622013.abf,-61.049171447753906,0.02628515316285198,0.0824,48.06079792885784,0.11351234840586816,0.030600000000000016,0.08885833333333333,0.08614999999999998,20.963764190673828,100.00000894069672,0.07619301974773407,150.00000968575478,0.02086401352340613,-43.385597229003906,-61.390968322753906,1.4131768941636824,-59.90788200378418,-82.88143920898438,0.0014499999999999513
110,,,3.3336111342611887,15622015.abf,-42.959327697753906,0.009580630175870478,0.03510000000000002,22.85039958509781,0.0,0.14585,0.03510000000000002,0.03510000000000002,43.76551818847656,300.00001192092896,0.2105361372232437,350.000012665987,0.0521742011173375,-42.843360900878906,-43.172950744628906,3.2624754087833554,-60.05082023620606,-71.98764038085938,0.0027000000000000357
111,,,3.3336111342611887,15622024.abf,-42.85493087768555,0.006468580714170918,0.12845,21.41462021661173,0.0,0.06855000000000003,0.12845,0.12845,39.81718063354492,300.00001192092896,0.12390821427106857,350.000012665987,0.021755489281140395,-47.59735870361328,-53.23700714111328,3.4078691844297273,-60.48405715942383,-71.84052276611328,0.0030000000000000027
112,0.11537322346602799,,5.83381948495708,15723013.abf,-39.21200942993164,0.020422947333523223,0.07680000000000003,71.82965959821423,0.33091871806840045,0.054700000000000026,0.1689166666666667,0.18369999999999997,57.53480529785156,100.0,0.11755968630313873,150.0,0.017803415236834205,-36.44711685180664,-45.31552505493164,3.7848690757179915,-60.65863357543945,-96.89022827148438,0.0027999999999999137
113,0.0995969378467563,,10.000833402783565,15820003.abf,-31.085153579711914,0.023057477011973217,0.017199999999999993,69.69342912946443,0.40856965962841896,0.061600000000000044,0.10306363636363637,0.1109,53.62553405761719,100.0,0.13374339044094086,150.0,0.02020369210023484,-37.97602081298828,-32.27534103393555,4.047379608904415,-56.79604848225912,-92.87104034423828,0.0030000000000000027
114,0.02567070148476321,,12.254771230935912,15o08032.abf,-39.22607421875,0.024063914417110508,0.04590431500561054,52.32892717633945,0.18578511401946846,0.024992349280832382,0.07859110184928811,0.08517800673263282,51.17919921875,100.0,0.08006405085325241,150.0,0.012443040434493093,-46.544189453125,-43.6572265625,3.0248479040028764,-59.161620712280275,-80.82763671875,0.0020401917780271117
115,0.005392179135535423,,56.371947662305196,15o08022.abf,-45.48237228393555,0.23750913766623416,0.009384882178924803,58.192661830357274,0.10185606836817697,0.015199428746302146,0.01756065070116591,0.017851678057737463,42.38383865356445,100.0,0.06409401446580887,150.0,0.004489441037497032,-41.67377853393555,-45.56171798706055,1.1059251743667668,-60.64977062449736,-86.15620422363281,0.0007140671223094808
116,0.0311950858253381,,23.69255771314276,15o08020.abf,-39.40312576293945,-0.036937613487992696,0.008874834234418039,74.32774135044656,0.2657561779040991,0.016729572579822494,0.04260721936433453,0.04636335815566661,50.98994064331055,100.0,0.08015162497758865,150.0,0.009714100381376229,-48.03960037231445,-39.90971755981445,2.828598673304735,-61.869473457336426,-93.91361999511719,0.0017341630113230644
117,0.08205298048314125,,6.535877989832486,15o08002.abf,-41.89799880981445,0.04693948738152422,0.05814546567377327,62.22534179687508,0.29960491453269755,0.04814852596144037,0.16108771367365676,0.16484749566459245,46.22455978393555,100.0,0.2947181463241577,150.0,0.019247423915460426,-45.56621170043945,-53.50688552856445,2.7491525027775583,-63.43805713653565,-88.99272155761719,0.0017341630113230089
118,0.07204613200177241,,12.254771230935912,15o08038.abf,-39.689064025878906,0.011289243800619745,0.014689380801795326,86.59144810267857,0.3183712606614252,0.03662144241558707,0.08090817679719035,0.09379781699479756,38.655662536621094,50.0,0.08353670686483383,100.0,0.023805436168604727,-46.048927307128906,-39.811134338378906,2.908943829724508,-59.650113868713376,-95.8108901977539,0.0023462205447312146
119,0.08110304225431528,,9.80381698474873,15o08011.abf,-44.013084411621094,0.04367154838660796,0.020605936958074056,47.28916713169651,0.3311091783754711,0.022136080791594404,0.10687822837164873,0.11873916148117902,47.960792541503906,50.0,0.15164877474308014,100.0,0.011180790173328643,-51.819480895996094,-56.561912536621094,2.5313574603823636,-61.19871940612793,-81.1651840209961,0.0015301438335203477
120,0.07834196807915289,,11.437786482206851,15o08007.abf,-43.000343322753906,0.016067366725004893,0.016831582168723824,58.66350446428578,0.36553470871462435,0.008466795878812605,0.08101130737058512,0.08813628481077218,45.933982849121094,50.0,0.1721307337284088,100.0,0.009402135678662524,-51.209571838378906,-46.186378479003906,3.0701304778749936,-57.84590827094184,-83.9305191040039,0.0020401917780271672
121,0.8107574094401756,,2.4509542461871825,15o08017.abf,-33.82568359375,0.08029792958937043,0.04396613281648476,30.24291992187499,0.8107574094401756,0.02591043558094458,0.23232683872283993,0.23232683872283993,56.939697265625,300.0,0.1856181025505066,350.0,0.007459831699334391,-40.6005859375,-46.270751953125,2.823102601058866,-56.33104057312012,-68.548583984375,0.0017341630113230644
122,0.19212052671270285,,5.83381948495708,2015_11_09_0003.abf,-36.6973876953125,0.06048123057873865,0.04149999999999998,34.45216587611611,0.5625076683613157,0.05730000000000002,0.17965,0.18080000000000002,49.5147705078125,300.0,0.1328696459531784,350.0,0.012697840080403576,-36.3311767578125,-36.9110107421875,2.899100778820769,-63.665762710571286,-78.9031982421875,0.0025000000000000577
123,0.0694844808505845,,15.62630219184932,2015_11_09_0053.abf,-39.287109375,0.06632497152540491,0.018880000000000008,76.4857700892858,0.3983982147596826,0.0252,0.06636571428571429,0.06251999999999996,24.0673828125,100.0,0.07820979505777359,150.0,0.012007065212072619,-42.259521484375,-41.38671875,2.673869770686979,-56.644372839676706,-87.181396484375,0.0023199999999999887
124,0.0850027274790403,,10.417534794566214,2015_11_09_0085.abf,-44.431251525878906,0.0382357870481881,0.02727999999999997,45.39707728794643,0.322872125829031,0.0252,0.09083555555555556,0.10096000000000005,54.341941833496094,200.0,0.1304309070110321,250.0,0.009538286321749353,-45.597023010253906,-46.512550354003906,2.3875964780939594,-63.2197998046875,-81.5284194946289,0.0016799999999999593
125,0.20187514862645076,,6.667222268522377,2015_11_09_0017.abf,-25.632909774780273,0.04750395866322193,0.013700000000000045,25.612967354910722,0.6168249752755214,0.04349999999999998,0.1403714285714286,0.17459999999999998,16.756006240844727,200.0,0.12758441269397736,250.0,0.012265954594378799,-27.647069931030273,-25.846532821655273,2.617545877586704,-37.24217896234421,-47.330909729003906,0.0019000000000000128
126,0.41959741034094555,,4.167013917826485,2015_11_09_0106.abf,-41.138282775878906,0.0381213086438522,0.0756,48.57962472098225,0.6908114917536872,0.04455999999999999,0.23285333333333336,0.16912000000000005,54.363426208496094,200.0,0.11399872601032257,250.0,0.009852961643339165,-42.468849182128906,-49.298683166503906,2.403778288392242,-63.61886016845703,-83.9544448852539,0.0017599999999999838
127,0.13591986699394337,,7.292274356196349,2015_11_09_0107.abf,-43.055763244628906,0.023307803122787706,0.04624,48.21777343750004,0.40046084996791836,0.032399999999999984,0.13941333333333336,0.16636000000000006,51.182518005371094,150.0,0.11088991910219193,200.0,0.014722418950537832,-45.155372619628906,-44.477882385253906,2.7126197794296765,-60.75179733276367,-79.4998550415039,0.0020000000000000018
128,0.0048824570689131,,29.169097424785395,2015_11_09_0078.abf,-52.34418869018555,0.12143869131951472,0.027359999999999995,80.81926618303586,0.07939770771018811,0.011519999999999975,0.03388740740740741,0.034560000000000035,19.353809356689453,100.0,0.19975893199443817,150.0,0.007647190213902984,-37.74457931518555,-52.59443283081055,1.0861309653665006,-59.42486526489258,-91.44331359863281,0.0009600000000000164
129,0.03516621546436599,,12.501041753479457,2016_01_28_0004.abf,-51.48344802856445,0.02439597239163868,0.03540000000000004,108.99135044642857,0.221755648841816,0.03889999999999999,0.07875,0.08720000000000006,33.01362228393555,50.0,0.15914872288703918,100.0,0.015968319632490048,-52.23418045043945,-62.51250076293945,3.137118716310754,-70.08879051208496,-100.56791687011719,0.0026000000000000467
130,0.018728654129098705,,21.668472372697725,2016_01_28_0012.abf,-46.044189453125,0.01190575405093286,0.021600000000000008,100.79956054687513,0.17724895100537102,0.015900000000000025,0.046612,0.05030000000000001,42.8046875,50.0,0.22542394697666168,100.0,0.023274111641736785,-50.64013671875,-48.2841796875,3.0662503685587277,-60.348824977874756,-101.8974609375,0.0021000000000000463
131,0.022747070632167198,,14.16784732061005,2016_01_28_0019.abf,-45.64799880981445,0.06310049646994396,0.03970000000000001,83.01217215401782,0.15396688920746973,0.018600000000000005,0.0691375,0.07169999999999999,52.08759689331055,50.0,0.20711615681648254,100.0,0.01878421658070616,-46.70390701293945,-50.64677810668945,2.863722311720885,-57.38444232940674,-92.37651062011719,0.0019000000000000128
132,0.04999579897563117,,17.50145845487124,2016_02_04_0042.abf,-48.10014724731445,0.0007576388941502319,0.012799999999999978,64.88909040178572,0.3304789778510442,0.009800000000000031,0.05789999999999999,0.06209999999999999,30.043163299560547,100.0,0.21015630662441254,150.0,0.015462824538411015,-54.09990310668945,-51.96367263793945,2.6893220488327354,-63.668756561279295,-90.34867858886719,0.0020000000000000018
133,0.025648511001306676,,22.501875156263022,2016_02_04_0029.abf,-48.407569885253906,0.06476730203707452,0.014100000000000001,92.55981445312514,0.26722783238364983,0.004500000000000004,0.04386923076923077,0.04415000000000002,4.473291397094727,100.0,0.0710429772734642,150.0,0.014378615949725096,-53.748146057128906,-49.585548400878906,2.750687955527226,-62.45553779602051,-98.9935073852539,0.0030000000000000027
134,0.013794063791925222,-39.45415115356445,15.001250104175348,2016_02_04_0021.abf,-40.84575271606445,0.08334027835652973,0.04560000000000003,50.00086375645248,0.10470852962629874,0.020100000000000007,0.06838823529411765,0.07009999999999994,51.16474533081055,200.0,0.16999046504497528,250.0,0.010267410201097995,-39.93632888793945,-42.68291091918945,1.5476196214026137,-58.55391329810733,-79.93266296386719,0.0012000000000000344
135,0.030708855841259344,,7.500625052087674,2016_02_04_0018.abf,-43.60224533081055,0.032493550286699716,0.123,42.28429794311535,0.1664193073805365,0.04770000000000002,0.1419625,0.13870000000000005,54.56669998168945,150.0,0.09391903132200241,200.0,0.009279987505804872,-39.85468673706055,-46.92866134643555,1.779706651799336,-54.37395950317383,-74.83393859863281,0.0014000000000000679
136,0.005213034708796124,,30.002500208350696,2016_02_04_0015.abf,-43.72607421875,0.052385317824104376,0.025000000000000022,52.59922572544654,0.10496883572822427,0.0015000000000000013,0.033505714285714285,0.0343,49.02294921875,150.0,0.1300649344921112,200.0,0.008693121751846042,-43.55517578125,-44.82470703125,1.685959323442668,-55.052314309512866,-81.366455078125,0.0013000000000000234
137,0.04934117362914873,,6.667222268522377,2016_02_04_0009.abf,-58.670166015625,0.05167097258104844,0.09410000000000002,125.21798270089288,0.22518256448496493,0.007000000000000006,0.15204285714285715,0.14939999999999998,15.096923828125,50.0,0.15551918745040894,100.0,0.01567445603808611,-57.4189453125,-63.491943359375,3.2606080030520723,-67.97628696148212,-100.4609375,0.003500000000000003
138,0.03876195590788628,,16.668055671305943,2016_02_04_0033.abf,-42.69921875,0.0692518027295925,0.018799999999999983,73.75662667410717,0.28067545326979904,0.015100000000000002,0.05924736842105264,0.06359999999999999,29.914306640625,100.0,0.15235663950443268,150.0,0.015316620390626092,-44.890380859375,-43.132568359375,2.467931253776748,-57.47260284423828,-89.604736328125,0.0023000000000000242
139,0.008215487350029742,-11.95068359375,18.334861238436538,2016_02_04_0045.abf,-20.782470703125,-0.005238531782410347,0.05249999999999999,68.34193638392864,0.23313210931694972,0.020600000000000007,0.055676190476190476,0.05390000000000006,43.44482421875,250.0,0.15683861076831818,300.0,0.00770369041043515,-36.187744140625,-22.91259765625,3.2360279072302127,-61.24757766723633,-90.765380859375,0.0022000000000000353
140,0.04599817108676968,,9.722643553629466,2016_02_25_0255.abf,-41.610740661621094,0.026374769326015256,0.06954278171126843,71.28034319196432,0.14919351419545104,0.03600144005760236,0.09681387255490219,0.09639385575423018,37.496925354003906,150.0,0.021322116255760193,200.0,0.009397579622433315,-40.164207458496094,-45.388816833496094,2.064270706790348,-61.851275787353515,-91.5802230834961,0.0022200888035521227
141,0.05014879857614474,,20.834236186348857,2016_02_25_0134.abf,-38.56513595581055,0.06666955579631635,0.01824072962918516,98.05297851562509,0.2941589601341978,0.018960758430337232,0.049891995679827196,0.051602064082563265,30.288623809814453,100.0,0.08291707187891006,150.0,0.009868272517945425,-41.47651290893555,-39.91401290893555,2.393427725558614,-60.03312225341797,-101.76704406738281,0.002760110404416205
142,0.14396803651333118,,11.11159263271939,2016_02_25_0082.abf,-40.28022384643555,0.05673646541252174,0.015000600024000943,51.37852260044652,0.36965870701305065,0.05148205928237132,0.08527198230786374,0.09420376815072601,52.43828201293945,250.0,0.028702104464173317,300.0,0.006859673875880917,-42.48359298706055,-46.51801681518555,2.4840568784956756,-66.71892182723336,-87.44209289550781,0.002100084003360092
143,0.06518767231732289,,16.667388949079086,2016_02_25_0073.abf,-42.71821212768555,0.023810555641541584,0.02016080643225726,63.39372907366078,0.2891598287569468,0.013080523220928897,0.06145336722559811,0.0677427097083883,45.49589920043945,100.0,0.12408166378736496,150.0,0.011229420813326826,-46.83198165893555,-42.79755783081055,2.56230494233553,-58.552013874053955,-87.96968078613281,0.002340093603744098
144,0.11722469965010655,,10.000833402783565,2016_02_25_0007.abf,-49.67529296875,0.06444981526238296,0.01319999999999999,44.16329520089294,0.4249947386199443,0.03210000000000002,0.10575454545454545,0.10809999999999997,30.164794921875,150.0,0.10358092188835144,200.0,0.014814848893525086,-51.73828125,-50.517578125,2.099033550422468,-64.75964813232422,-83.519287109375,0.0019000000000000128
145,0.09285305870551835,,11.66763896991416,2016_02_25_0005.abf,-41.25634765625,0.05136791702338831,0.012200000000000044,45.44939313616084,0.4399675960529232,0.02889999999999998,0.08545384615384616,0.08960000000000012,40.036376953125,300.0,0.12050092965364456,350.0,0.009844588804554489,-44.265380859375,-41.32958984375,2.1759238361561914,-65.72457092285157,-83.7978515625,0.0018000000000000238
146,-0.002227800414629223,,29.1679306608884,2016_02_29_0065.abf,-63.28803634643555,0.17576519255392495,0.0406216248649946,200.93645368303592,0.0907385000498338,0.023040921636865497,0.032983319332773306,0.03303132125285013,38.62541580200195,50.0,0.16739840805530548,100.0,0.029450264270980814,-39.9039421081543,-63.6923942565918,1.2037537211524927,-63.77734776547081,-98.09333801269531,0.001140045601824069
147,0.12299617097528415,,12.500541711809314,2016_02_29_0032.abf,-46.881935119628906,0.027247912816264035,0.014580583223328947,88.2393973214287,0.4192896119262769,0.030901236049442005,0.07633055322212888,0.09171366854674184,42.681053161621094,50.0,0.1509937047958374,100.0,0.016494461224527635,-47.449562072753906,-47.071144104003906,2.1578899775376668,-63.88036605834961,-101.5450210571289,0.0015000600024001054
148,0.28093033976359216,,8.333694474539543,2016_03_01_0047.abf,-39.783935546875,0.029152667484195118,0.014340573622944885,30.739920479910822,0.627138844534891,0.03600144005760236,0.1033721348853954,0.1263650546021841,51.8115234375,200.0,0.12693114578723907,250.0,0.011042323651826603,-42.933349609375,-39.783935546875,2.949401638189012,-60.04490005493164,-72.303466796875,0.0020400816032641322
149,0.28093033976359216,,8.333694474539543,2016_03_01_0047.abf,-39.783935546875,0.029152667484195118,0.014340573622944885,30.739920479910822,0.627138844534891,0.03600144005760236,0.1033721348853954,0.1263650546021841,51.8115234375,200.0,0.12693114578723907,250.0,0.011042323651826603,-42.933349609375,-39.783935546875,2.949401638189012,-60.04490005493164,-72.303466796875,0.0020400816032641322
150,0.28093033976359216,,8.333694474539543,2016_03_01_0047.abf,-39.783935546875,0.029152667484195118,0.014340573622944885,30.739920479910822,0.627138844534891,0.03600144005760236,0.1033721348853954,0.1263650546021841,51.8115234375,200.0,0.12693114578723907,250.0,0.011042323651826603,-42.933349609375,-39.783935546875,2.949401638189012,-60.04490005493164,-72.303466796875,0.0020400816032641322
151,0.28093033976359216,,8.333694474539543,2016_03_01_0047.abf,-39.783935546875,0.029152667484195118,0.014340573622944885,30.739920479910822,0.627138844534891,0.03600144005760236,0.1033721348853954,0.1263650546021841,51.8115234375,200.0,0.12693114578723907,250.0,0.011042323651826603,-42.933349609375,-39.783935546875,2.949401638189012,-60.04490005493164,-72.303466796875,0.0020400816032641322
152,0.2496892299604738,,6.944745395449619,2016_03_03_0002.abf,-49.11430740356445,0.03343398854666459,0.019860794431777296,60.481480189732096,0.5051504221571654,0.08424336973478941,0.13674546981879276,0.1645565822632905,48.46870040893555,100.0,0.11010687798261642,150.0,0.028084796966413115,-46.27617263793945,-55.84648513793945,3.0424374851315417,-65.40269561767577,-90.14213562011719,0.002280091203648138
153,0.874590869939707,,4.166847237269772,2016_03_03_0054.abf,-50.58588790893555,0.041057945304965884,0.021840873634945412,77.58876255580365,0.874590869939707,0.05466218648745952,0.17415696627865113,0.17415696627865113,22.027637481689453,100.0,0.02149270847439766,150.0,0.016443072895302547,-49.85956954956055,-50.73237228393555,2.6524857089655196,-65.51629406472911,-95.92890930175781,0.003120124804992186
154,0.027056069057783367,,23.6121343445287,2016_03_03_0100.abf,-50.84321212768555,0.07209307124800074,0.024780991239649608,104.84967912946439,0.19994561410881614,0.016080643225729052,0.04387300492019681,0.04650186007440299,48.13139724731445,100.0,0.08468853682279587,150.0,0.009449294624815469,-44.19648361206055,-51.01411056518555,2.1873261989804553,-63.61637539333768,-102.30805969238281,0.0016800672026881514
155,0.15871341530128455,,11.11159263271939,2016_03_03_0103.abf,-40.15483474731445,0.03788042942972519,0.013560542421696853,45.55402483258944,0.4680694731890301,0.07362294491779675,0.08486053727863399,0.10392415696627866,50.15278244018555,200.0,0.09728766977787018,250.0,0.01747460235284789,-37.31059646606445,-40.24638748168945,2.1990847790003576,-65.45242055257161,-84.39311218261719,0.0015600624024960652
156,0.14737630354031805,,13.33777925975325,19122026.abf,-38.577049255371094,-0.027550240147069825,0.013499999999999984,120.0203740397565,0.37243431489846773,0.02200000000000002,0.08044285714285714,0.08610000000000001,31.750707626342773,51.0,0.07705117017030716,101.0,0.013722079813857953,-45.290916442871094,-38.790672302246094,3.075429311372122,-59.71358776092529,-101.6568832397461,0.0027000000000000357
157,0.28147986945823883,,6.667777962993831,19122024.abf,-39.66203689575195,-0.0016595118430146167,0.0701,75.98779018460752,0.4373717366259431,0.0562,0.14356666666666665,0.1371,49.43403244018555,150.0,0.07373149693012238,201.0,0.0240231787626238,-34.59611892700195,-39.89091873168945,3.3915462955878515,-63.773041180201936,-101.29228210449219,0.0030000000000000027
158,0.13206125447255124,,8.34445927903872,19122022.abf,-36.45769119262695,0.03656818257769613,0.06140000000000001,81.41748284269313,0.2895587414669637,0.04630000000000001,0.10380000000000002,0.10855000000000001,40.40082931518555,150.0,0.05429432541131973,200.0,0.019500702960618475,-34.44353103637695,-36.67131423950195,2.80858422060225,-61.111997842788696,-97.06559753417969,0.002899999999999958
159,0.08880308880308911,,5.003335557038025,19122017.abf,-45.90752029418945,0.0467978491063063,0.05899999999999997,88.26569307912936,0.08880308880308911,0.012900000000000023,0.06474999999999999,0.06474999999999999,44.79072189331055,200.0,0.057150568813085556,251.0,0.010480361534073413,-45.86174392700195,-47.21977615356445,3.679416640739558,-66.73800086975098,-99.32853698730469,0.0025000000000000022
160,,,3.33555703802535,19128065.abf,-48.8990478515625,0.022806859203853936,0.17920000000000003,51.05832004643921,0.0,0.04190000000000002,0.17920000000000003,0.17920000000000003,45.385009765625,150.0,0.08119919151067734,200.0,0.017973848027490275,-49.3568115234375,-56.4979248046875,4.024684512611193,-65.7533847584444,-87.15283203125,0.0025000000000000022
161,0.18510561153523655,,13.335555925987663,19128037.abf,-40.495506286621094,-0.0201296969911146,0.016199999999999992,88.92198645629388,0.6360006171861518,0.0343,0.06984285714285714,0.05870000000000003,45.777687072753906,51.0,0.01683903858065605,101.0,0.009933797675184599,-42.265525817871094,-40.495506286621094,2.24091588499104,-63.84372019767761,-98.7383041381836,0.0018000000000000238
162,0.09155105193776314,,10.0150225338007,19128003.abf,-47.003150939941406,0.05648505349582314,0.06459999999999999,55.89597066764725,0.23493642826366437,0.033,0.10388,0.10980000000000001,52.713035583496094,150.0,0.09859281033277512,200.0,0.012335017179915838,-46.408058166503906,-49.902320861816406,3.127520331909856,-64.66563749313354,-88.9648208618164,0.0022000000000000353
163,0.12746848117332238,,15.025041736227044,19128036.abf,-39.961448669433594,-0.015197022000159023,0.014899999999999997,90.16439796522646,0.4509916334036613,0.033800000000000024,0.056325,0.05845,47.028907775878906,50.0,0.0297552440315485,101.0,0.010750610138712275,-42.036643981933594,-39.961448669433594,2.2028453254452436,-63.42022577921549,-98.1584701538086,0.0017999999999999683
164,0.1555729466184336,,8.338892595063376,19128040.abf,-43.975608825683594,-0.028664996628534917,0.036599999999999994,88.38637767248753,0.3572720520474913,0.01720000000000002,0.06295,0.0606,41.946632385253906,101.0,0.020438730716705322,151.0,0.010682270378360234,-44.540184020996094,-43.975608825683594,2.0844765120687216,-63.65542782054228,-101.6538314819336,0.001700000000000007
165,0.4171198767882578,,6.667777962993831,19128061.abf,-42.022216796875,0.04991297146138593,0.05180000000000001,47.41509893494509,0.6464971928531877,0.0431,0.16426666666666667,0.13429999999999997,54.7490234375,200.0,0.16267134249210358,251.0,0.014063331321630805,-45.0587158203125,-45.6690673828125,3.86642878166748,-65.81093866684857,-85.3419189453125,0.0024000000000000132
166,0.5904095904095904,,5.002501250625312,19128068.abf,-39.17512130737305,0.05002501250625311,0.08200000000000002,49.9370456037542,0.5904095904095904,0.06970000000000001,0.20020000000000002,0.20020000000000002,53.32365798950195,201.0,0.10916173458099365,251.0,0.017835352100603337,-38.90046310424805,-47.65900802612305,3.6121946753852243,-62.349296794218176,-82.86103820800781,0.0025000000000000022
167,0.2824815662344266,,5.001667222407468,19129004.abf,-41.036720275878906,0.0325850709735251,0.1411,65.60883025900401,0.2824815662344266,0.0431,0.19665,0.19665,53.079490661621094,151.0,0.09917039424180984,201.0,0.017090597776175134,-37.740821838378906,-43.417091369628906,3.7445235564151074,-62.07230220121496,-90.5362319946289,0.0031999999999999806
168,0.3248986933289362,,8.336112037345782,19129015.abf,-42.20073318481445,0.04400195219655976,0.024899999999999978,133.3846478367154,0.6345939289269353,0.0537,0.12980000000000003,0.14175000000000007,44.69807052612305,50.0,0.13071833550930023,100.0,0.019145642873832254,-39.95769119262695,-51.18815994262695,3.1895427138660053,-62.915284773882696,-99.46696472167969,0.0029000000000000137
169,0.22895904094130903,,10.001666944490747,19129022.abf,-40.30561447143555,0.10001666944490752,0.020100000000000007,46.01899478751093,0.5409411777078049,0.0408,0.08344,0.09349999999999997,56.14519119262695,300.0,0.11965771019458771,350.0,0.010484214640257708,-38.16938400268555,-40.36664962768555,2.2970583763467385,-65.69526447969325,-84.44929504394531,0.0017999999999999683
170,0.05274020079626101,,13.360053440213761,19129037.abf,-45.998512268066406,0.018281044599371486,0.05360000000000001,125.04045610452003,0.21438924770262424,0.03559999999999999,0.07764285714285715,0.07190000000000002,46.011985778808594,51.0,0.11831411719322205,101.0,0.01495822560893623,-43.496070861816406,-50.072608947753906,3.1623619851685825,-62.87303644816081,-98.3514175415039,0.0030000000000000027
171,,,3.3350008337502084,19129024.abf,-38.20073318481445,0.05727908729113132,0.013800000000000007,47.96268835144727,0.0,0.06140000000000001,0.013800000000000007,0.013800000000000007,57.27350997924805,150.0,0.16091474890708923,200.0,0.014559063541322926,-39.95549392700195,-52.29985427856445,2.9893250983989113,-63.51078078326057,-83.71769714355469,0.0020000000000000018
172,0.1050232118067864,,13.34668001334668,19129040.abf,-44.787353515625,0.021013660533046753,0.033,96.27819599308681,0.37479640563319455,0.026999999999999996,0.07878571428571428,0.08910000000000001,44.0645751953125,150.0,0.09645111113786697,200.0,0.01043258573112004,-39.01953125,-44.8941650390625,2.254582309407414,-66.55615862678079,-99.1239013671875,0.0025000000000000022
173,0.08652954563375502,,13.373453694416582,19129047.abf,-44.889793395996094,0.05991329331210247,0.030200000000000005,66.13293486086602,0.2948247997024688,0.028100000000000014,0.06717142857142858,0.07200000000000001,54.719581604003906,200.0,0.08939825743436813,250.0,0.009599263470670524,-41.258201599121094,-44.950828552246094,2.6098573456920175,-66.97908558565028,-94.4808578491211,0.0022999999999999965
174,0.12492848138455981,,15.010006671114075,19129069.abf,-39.06584548950195,-0.035763587685896915,0.0067000000000000115,145.80745564210977,0.5142504941038099,0.020800000000000013,0.061225,0.07574999999999998,33.61176681518555,50.0,0.08885563164949417,101.0,0.009503299875824397,-43.96391677856445,-39.27946853637695,2.443604140687094,-66.96825678208295,-103.21379089355469,0.0018999999999999573
175,0.09198167957107677,,10.001666944490747,19129057.abf,-45.14458084106445,0.029732580516742282,0.05700000000000002,106.81600803248998,0.24770174799675554,0.04039999999999999,0.09216000000000002,0.09860000000000002,27.273632049560547,100.0,0.0844024196267128,150.0,0.009267001052371049,-39.75822830200195,-46.94511795043945,2.461168032827966,-67.99248190487133,-98.65715026855469,0.003400000000000014
176,0.9130657120940935,,5.000833472245374,19320030.abf,-45.074806213378906,0.06911960362798629,0.017000000000000015,91.33014964368056,0.9130657120940935,0.05710000000000001,0.19555,0.19555,51.604881286621094,100.0,0.17085570096969604,150.0,0.023623554471729074,-41.580543518066406,-51.285133361816406,2.580109581683786,-64.84601346184226,-99.7012710571289,0.0021999999999999797
177,0.9130657120940935,,5.000833472245374,19320030.abf,-45.074806213378906,0.06911960362798629,0.017000000000000015,91.33014964368056,0.9130657120940935,0.05710000000000001,0.19555,0.19555,51.604881286621094,100.0,0.17085570096969604,150.0,0.023623554471729074,-41.580543518066406,-51.285133361816406,2.580109581683786,-64.84601346184226,-99.7012710571289,0.0021999999999999797
178,0.9130657120940935,,5.000833472245374,19320030.abf,-45.074806213378906,0.06911960362798629,0.017000000000000015,91.33014964368056,0.9130657120940935,0.05710000000000001,0.19555,0.19555,51.604881286621094,100.0,0.17085570096969604,150.0,0.023623554471729074,-41.580543518066406,-51.285133361816406,2.580109581683786,-64.84601346184226,-99.7012710571289,0.0021999999999999797
179,,,3.3338889814969157,19320024.abf,-45.975074768066406,0.028442285994318896,0.0771,74.22594354501528,0.0,0.051199999999999996,0.0771,0.0771,49.880638122558594,150.0,0.06619087606668472,200.0,0.01086867985035832,-39.413795471191406,-49.927101135253906,2.679481332107358,-76.19309638528263,-98.6026382446289,0.002799999999999969
180,0.17817233421584355,,6.687844841999665,19320007.abf,-44.911766052246094,0.04604983357690419,0.09989999999999999,87.3274183932686,0.28369911582996704,0.0388,0.15186666666666668,0.15030000000000004,79.2612075805664,150.0,0.095004603266716,200.0,0.017047515441630783,-40.64175033569336,-53.492088317871094,2.924303132646018,-70.6841973697438,-100.7845687866211,0.0025000000000000022
181,0.9130657120940935,,5.000833472245374,19320030.abf,-45.074806213378906,0.06911960362798629,0.017000000000000015,91.33014964368056,0.9130657120940935,0.05710000000000001,0.19555,0.19555,51.604881286621094,100.0,0.17085570096969604,150.0,0.023623554471729074,-41.580543518066406,-51.285133361816406,2.580109581683786,-64.84601346184226,-99.7012710571289,0.0021999999999999797
182,0.3075383732862,,8.33750208437552,19320001.abf,-39.60371017456055,0.06665781956643646,0.0189,85.82827515576156,0.5316789502367264,0.052800000000000014,0.10097500000000001,0.11545,53.74956130981445,100.0,0.10923956334590912,150.0,0.015641278487856403,-39.22224044799805,-39.75629806518555,3.165766076036505,-64.49366131950828,-101.98164367675781,0.0025000000000000022
183,0.1959074781851291,,13.337779259753251,19320041.abf,-35.329612731933594,0.06678703123046748,0.009599999999999997,97.81870901462126,0.5556381184894361,0.022999999999999993,0.07374285714285714,0.09060000000000001,25.461400985717773,100.0,0.11307605355978012,151.0,0.014337045865163092,-39.632591247558594,-35.665306091308594,2.1511499353846317,-59.28305345423081,-100.5304183959961,0.0022999999999999965
184,,,3.3350008337502084,19320025.abf,-39.6663818359375,0.04340719054080359,0.011800000000000005,54.114684824155006,0.0,0.03509999999999999,0.011800000000000005,0.011800000000000005,46.9119873046875,200.0,0.07733103632926941,251.0,0.011721934573410368,-45.1290283203125,-39.8189697265625,3.1332290733818056,-65.86933719410615,-89.944091796875,0.0025000000000000022
185,0.05459600080595269,,6.667222268522376,2019_11_04_0113.abf,-57.31201171875,0.09524603240746245,0.12810000000000005,35.79275948660728,0.0895942731206638,0.04354999999999999,0.14305000000000004,0.14165,37.628173828125,150.0,0.10068080574274063,200.0,0.011723465052575545,-50.994873046875,-62.01171875,1.1583784086426747,-67.72932577133179,-81.787109375,0.0007999999999999952
186,0.20700696563353674,,13.334444537044751,2019_11_26_0110.abf,-33.599853515625,0.1200100008334028,0.006699999999999998,64.81933593749977,0.7417963033409122,0.03225,0.08014285714285714,0.11215000000000003,18.035888671875,250.0,0.03224601596593857,300.0,0.008754635406613925,-36.07177734375,-33.599853515625,1.8822417978214112,-66.70853220621744,-87.310791015625,0.0015499999999999958
187,0.08595461478095932,,15.001250104175346,2019_11_26_0094.abf,-44.37255859375,0.08000666722226848,0.021699999999999997,70.81821986607126,0.26961653462913276,0.03605000000000001,0.06910000000000001,0.077275,35.70556640625,150.0,0.10243444889783859,200.0,0.016930240039339222,-46.9970703125,-45.867919921875,2.347624139372619,-66.23022206624348,-88.43994140625,0.0015999999999999903
188,0.06797970404705256,,26.668889074089503,2019_11_26_0006.abf,-46.783447265625,-0.0066672222685224365,0.007449999999999998,159.8423549107141,0.3825358568874708,0.012650000000000008,0.03813666666666667,0.046499999999999986,13.85498046875,50.0,0.05723008140921593,100.0,0.015313111818703859,-52.825927734375,-46.875,2.2634015012293682,-68.82191212972005,-95.947265625,0.0018500000000000044
189,,,3.333611134261188,2019_11_28_0093.abf,-48.248291015625,0.036669722476873085,0.04769999999999999,48.6711774553568,0.0,0.01365000000000001,0.04769999999999999,0.04769999999999999,41.290283203125,200.0,0.07402534037828445,250.0,0.008080708218866047,-48.9501953125,-50.78125,1.5806562680023668,-64.83440348307292,-80.38330078125,0.0011000000000000038
190,0.24050463417142756,,10.000833402783563,2019_11_28_0079.abf,-35.736083984375,0.10000833402783557,0.01344999999999999,49.64773995535688,0.48779670493100835,0.052400000000000016,0.10091000000000001,0.13349999999999995,41.412353515625,350.0,0.08341080695390701,400.0,0.011540061001089424,-32.196044921875,-35.736083984375,1.4552692964866967,-65.40537719726562,-80.902099609375,0.0012000000000000066
191,0.00729537128821954,,50.004167013917815,2019_11_28_0119.abf,-59.356689453125,0.1666805567130595,0.015050000000000008,154.61077008928547,0.09332645392240616,0.005150000000000002,0.01818620689655173,0.018100000000000005,20.111083984375,100.0,0.16078636050224304,150.0,0.008424914808895312,-43.8232421875,-59.478759765625,0.99995432356356,-61.987557924710785,-98.846435546875,0.000800000000000009
192,,,1.666805567130594,2020_01_06_0095.abf,-50.628662109375,0.00857214291667163,,68.59915597098222,,0.03765,,,24.47509765625,150.0,0.09121819585561752,200.0,0.014867568642713021,-49.957275390625,-55.2978515625,2.3662274824053346,-72.53915046243107,-99.639892578125,0.0020499999999999963
193,0.20824976397500472,,10.000833402783563,2020_01_06_0090.abf,-49.163818359375,0.06389421340667276,0.025749999999999995,92.81703404017881,0.4329721675582875,0.0324,0.10897000000000001,0.13275,37.322998046875,50.0,0.09891604632139206,100.0,0.014982558612211755,-50.78125,-49.224853515625,2.7363918661002473,-68.8310645608341,-101.715087890625,0.001899999999999985
194,0.403178750548049,,6.667222268522376,2020_01_06_0082.abf,-49.896240234375,0.04762301620373124,0.042800000000000005,55.84716796875011,0.5612208613896867,0.046350000000000016,0.1762,0.20655,42.78564453125,150.0,0.10654256492853165,200.0,0.015604194432107546,-52.947998046875,-59.02099609375,3.139320778117953,-72.88482262106503,-96.3134765625,0.002250000000000002
195,0.33157976172056314,,5.0004167013917815,2020_01_06_0063.abf,-48.4619140625,0.05000416701391785,0.10800000000000001,59.24769810267875,0.33157976172056314,0.06999999999999999,0.16157500000000002,0.16157500000000002,42.54150390625,100.0,0.08717107027769089,150.0,0.020134649582851463,-46.722412109375,-57.06787109375,3.200981335604114,-67.23775796329274,-92.132568359375,0.002449999999999952
196,,,1.666805567130594,2020_01_06_0048.abf,-44.37255859375,0.020001666805567114,,55.86896623883935,,0.041249999999999995,,,42.572021484375,150.0,0.08520936965942383,200.0,0.02017901469962357,-45.2880859375,-50.384521484375,3.069383315384683,-62.406748827765966,-85.174560546875,0.002050000000000024
197,0.644085644085644,,5.0004167013917815,2020_01_06_0017.abf,-43.060302734375,0.05000416701391785,0.02535000000000001,74.46289062499994,0.644085644085644,0.051500000000000004,0.07122500000000001,0.07122500000000001,46.630859375,100.0,0.10396476089954376,150.0,0.017644997133416912,-44.0673828125,-53.22265625,4.347782465909138,-65.44233299704159,-96.710205078125,0.0029499999999999804
198,0.18317757009345778,,5.0004167013917815,2020_01_27_0002.abf,-53.985595703125,0.04524186539354468,0.13110000000000002,81.69991629464296,0.18317757009345778,0.07685000000000002,0.16049999999999998,0.16049999999999998,32.745361328125,50.0,0.08716674894094467,100.0,0.015010646257779914,-53.89404296875,-56.94580078125,4.3415467585735135,-66.9233860689051,-100.9521484375,0.004149999999999987
199,0.050545524589133216,,13.334444537044751,2020_01_27_0008.abf,-51.849365234375,0.016668055671305932,0.044899999999999995,131.24738420758928,0.16643799698764705,0.0344,0.0709,0.07469999999999999,33.3251953125,100.0,0.11133027821779251,150.0,0.022682095913646037,-53.77197265625,-54.38232421875,3.2999638152480357,-75.42204236984253,-97.381591796875,0.002899999999999986
200,0.2616268478591952,,8.33402783565297,2020_01_27_0042.abf,-39.0625,-0.004038366944105383,0.02595,93.57320851293085,0.49876931936551805,0.07505000000000002,0.08527499999999999,0.090325,57.80029296875,70.0,0.09093091636896133,110.0,0.024037035618784362,-41.534423828125,-39.154052734375,2.9708292468026887,-62.98056860815121,-93.048095703125,0.0024500000000000077
201,0.11355914358380231,,13.334444537044751,2020_01_27_0038.abf,-50.47607421875,0.0504803971759551,0.0257,56.47931780133941,0.3464526966361306,0.04775,0.07760714285714286,0.08610000000000001,49.468994140625,150.0,0.08833492547273636,200.0,0.01624715676839727,-53.5888671875,-50.6591796875,3.474082287840937,-74.27245600083295,-97.991943359375,0.0025000000000000022
202,0.05884516835516369,,11.667638969914158,2020_01_28_0008.abf,-49.74365234375,0.1047706356482087,0.060649999999999996,67.94520786830365,0.1766398144364491,0.030700000000000005,0.094225,0.09769999999999998,45.318603515625,150.0,0.12875519692897797,200.0,0.013823832283294094,-41.50390625,-52.06298828125,1.3115347654811067,-63.13830252254711,-91.30859375,0.0010000000000000009
203,0.05061306376450946,,18.334861238436535,2020_01_28_0017.abf,-38.482666015625,0.10238948483802225,0.024699999999999986,139.83590262276806,0.21442933539318162,0.01855000000000001,0.052165,0.055175,18.73779296875,100.0,0.07659239321947098,150.0,0.015193297397570438,-30.33447265625,-38.726806640625,1.4721679763770892,-54.991889504825366,-102.264404296875,0.001449999999999979
204,0.08040109923880358,,11.667638969914158,2020_01_28_0029.abf,-49.346923828125,0.09715095305561172,0.04335,70.73538643973225,0.22420732914188235,0.03205000000000001,0.08495000000000001,0.09292499999999998,42.48046875,150.0,0.13111434876918793,200.0,0.014588075476963528,-44.708251953125,-52.886962890625,1.7638481496002636,-67.54617803237018,-96.405029296875,0.0010999999999999899
205,0.1597471731526466,,10.000833402783565,2020_03_02_0023.abf,-11.749267578125,0.09143619111116408,0.028249999999999983,13.934544154575942,0.35928895444278125,0.035750000000000004,0.09846,0.11475000000000002,9.05609130859375,200.0,0.17223234474658966,250.0,0.010548226654707653,-10.27679443359375,-11.7950439453125,1.5328217260441415,-16.644633081224228,-22.430419921875,0.0011000000000000176
